Feature,Importance
Contract,0.46085137301847234
MonthlyCharges,0.24616117133448384
OnlineSecurity,0.12100872915017072
tenure_bin,0.12056433738060261
InternetService,0.05141438911627042
