Feature,Coefficient,Importance
MonthlyCharges,0.6959439377642876,0.6959439377642876
Contract,-0.18914060612418382,0.18914060612418382
OnlineSecurity,-0.1411892050336121,0.1411892050336121
tenure_bin,-0.1054298073149127,0.1054298073149127
InternetService,0.041766290647638815,0.041766290647638815
