Feature,AvgImportance
MonthlyCharges,0.591812814144035
Contract,0.23444177082532983
OnlineSecurity,0.09406597806126094
tenure_bin,0.09088693712072733
InternetService,0.0466157821435253
